timestamp,value,unit,git_sha,branch,event_type
2025-10-16T22:33:12Z,100,seconds,9af5403,experiment/meta-methdology-3,manual
2025-10-16T22:33:12Z,105,seconds,9af5403,experiment/meta-methdology-3,manual
2025-10-16T22:33:12Z,102,seconds,9af5403,experiment/meta-methdology-3,manual
2025-10-16T22:33:12Z,98,seconds,9af5403,experiment/meta-methdology-3,manual
2025-10-16T22:33:12Z,103,seconds,9af5403,experiment/meta-methdology-3,manual
2025-10-16T22:33:12Z,101,seconds,9af5403,experiment/meta-methdology-3,manual
2025-10-16T22:33:12Z,99,seconds,9af5403,experiment/meta-methdology-3,manual
2025-10-16T22:33:12Z,102,seconds,9af5403,experiment/meta-methdology-3,manual
2025-10-16T22:33:12Z,100,seconds,9af5403,experiment/meta-methdology-3,manual
2025-10-16T22:33:12Z,104,seconds,9af5403,experiment/meta-methdology-3,manual
